{
    "name": "Writgo Affiliate Theme",
    "version": "7.6.0",
    "author": "Writgo",
    "homepage": "https://writgo.nl",
    "requires": "6.0",
    "tested": "6.4",
    "requires_php": "8.0",
    "download_url": "https://github.com/Mikeyy1405/Writgo-Theme/releases/download/v7.6.0/writgo-theme.zip",
    "details_url": "https://writgo.nl/changelog/",
    "description": "Professioneel WordPress affiliate thema met uitgebreide SEO tools, performance optimalisaties en mobiele optimalisaties.",
    "changelog": "<h4>v7.6.0 - SEO & Performance Update</h4><ul><li><strong>SEO Meta Box:</strong> Custom SEO titel, meta description, focus keyword per post</li><li><strong>Content Analyse:</strong> Keyword density, leesbaarheid (Flesch-Douma), woorden/zinnen tellen</li><li><strong>Schema Markup:</strong> 9+ schema types (Article, Review, FAQ, HowTo, Video, etc.)</li><li><strong>XML Sitemaps:</strong> Automatische sitemap generatie</li><li><strong>llms.txt:</strong> AI crawler ondersteuning</li><li><strong>Redirect Manager:</strong> 301/302 redirects beheren</li><li><strong>Interne Links:</strong> Automatische interne link suggesties</li><li><strong>Affiliate Links:</strong> Link cloaking, click tracking, auto-linking</li><li><strong>Shortcodes:</strong> Comparison table, pros/cons box, product box</li><li><strong>Performance:</strong> Lazy loading, WebP support, resource hints, critical CSS</li><li><strong>Caching:</strong> Browser caching headers, GZIP configuratie</li><li><strong>Mobiel:</strong> iOS zoom fix, safe area insets, touch optimalisatie</li><li><strong>Hamburger Menu:</strong> Volledig functioneel mobiel menu</li></ul>",
    "last_updated": "2026-01-22"
}
